0,sum,proportion
,0,0.0
M,8552,92.99695519791213
F,644,7.003044802087864
